<?xml version="1.0" ?>
<!DOCTYPE modification [
<!ENTITY adminFolder "admin">
]>
<modification>
	<id>MultiMerch Core Admin Mods</id>
	<author>http://multimerch.com/</author>
	
	<file name="&adminFolder;/model/localisation/language.php">
		<!-- adding new language, copy attribute and option names -->
		<operation>
			<search position="after"><![CDATA[
				$language_id = $this->db->getLastId();
			]]></search>
			<add><![CDATA[
				// MultiMerch Attribute 
				$query = $this->db->query("SELECT * FROM " . DB_PREFIX . "ms_attribute_description WHERE language_id = '" . (int)$this->config->get('config_language_id') . "'");
				foreach ($query->rows as $attribute) {
					$this->db->query("INSERT INTO " . DB_PREFIX . "ms_attribute_description SET attribute_id = '" . (int)$attribute['attribute_id'] . "', language_id = '" . (int)$language_id . "', name = '" . $this->db->escape($attribute['name']) . "', description = '" . $this->db->escape($attribute['description']) . "'");
				}
		
				// MultiMerch Attribute Value 
				$query = $this->db->query("SELECT * FROM " . DB_PREFIX . "ms_attribute_value_description WHERE language_id = '" . (int)$this->config->get('config_language_id') . "'");
				foreach ($query->rows as $attribute_value) {
					$this->db->query("INSERT INTO " . DB_PREFIX . "ms_attribute_value_description SET attribute_id = '" . (int)$attribute_value['attribute_id'] . "', attribute_value_id = '" . (int)$attribute_value['attribute_value_id'] . "', language_id = '" . (int)$language_id . "', name = '" . $this->db->escape($attribute_value['name']) . "'");
				}
				
				// MultiMerch Seller Group 
				$query = $this->db->query("SELECT * FROM " . DB_PREFIX . "ms_seller_group_description WHERE language_id = '" . (int)$this->config->get('config_language_id') . "'");
				foreach ($query->rows as $group) {
					$this->db->query("INSERT INTO " . DB_PREFIX . "ms_seller_group_description SET seller_group_id = '" . (int)$group['seller_group_id'] . "', language_id = '" . (int)$language_id . "', name = '" . $this->db->escape($group['name']) . "', description = '" . $this->db->escape($group['description']) . "'");
				}
			]]></add>
		</operation>
		
		<!-- deleting language, delete attribute and option names -->
		<operation>
			<search position="after"><![CDATA[
				public function deleteLanguage($language_id) {
			]]></search>
			<add><![CDATA[
				// MultiMerch 
				$this->db->query("DELETE FROM " . DB_PREFIX . "ms_attribute_description WHERE language_id = '" . (int)$language_id . "'");
				$this->db->query("DELETE FROM " . DB_PREFIX . "ms_attribute_value_description WHERE language_id = '" . (int)$language_id . "'");
				$this->db->query("DELETE FROM " . DB_PREFIX . "ms_seller_group_description WHERE language_id = '" . (int)$language_id . "'");
			]]></add>
		</operation>		
	</file>
	
	<!-- delete seller account when customer deleted -->
	<file name="&adminFolder;/model/sale/customer.php,&adminFolder;/model/customer/customer.php" error="skip">
		<operation>
			<search position="after"><![CDATA[
				public function deleteCustomer($customer_id) {
			]]></search>
			<add><![CDATA[
				$this->MsLoader->MsSeller->deleteSeller($customer_id);
			]]></add>
		</operation>
	</file>

	<!-- delete multimerch product info when product deleted -->
	<file name="&adminFolder;/model/catalog/product.php">
		<operation>
			<search position="after"><![CDATA[
				public function deleteProduct($product_id) {
			]]></search>
			<add><![CDATA[
				$this->db->query("DELETE FROM " . DB_PREFIX . "ms_product WHERE product_id = '" . (int)$product_id . "'");
				$this->db->query("DELETE FROM " . DB_PREFIX . "ms_product_attribute WHERE product_id = '" . (int)$product_id . "'");
			]]></add>
		</operation>
	</file>
	
	<!-- multimerch common scripts & db updates -->
	<file name="&adminFolder;/controller/common/header.php">
		<operation>
			<search position="after"><![CDATA[
			public function index() {
			]]></search>
			<add><![CDATA[
			$data = array_merge(isset($data) ? $data : array(), $this->load->language('multiseller/multiseller'));
			$lang = "view/javascript/multimerch/datatables/lang/" . $this->config->get('config_admin_language') . ".lng";
			$data['dt_language'] = file_exists(DIR_APPLICATION . $lang) ? "'$lang'" : "undefined";
			]]></add>
		</operation>
	</file>

	<file name="&adminFolder;/view/template/common/header.tpl">
		<operation>
			<search position="after"><![CDATA[
				</header>
			]]></search>
			<add><![CDATA[
                <?php if (version_compare(VERSION, '2.1', '<') && file_exists(DIR_CATALOG . '../vqmod/xml/multimerch_oc21x_controllerfix.xml')) { ?>
                <div class="alert alert-warning" style="margin: 10px auto; width: 90%;"><i class="fa fa-exclamation-circle"></i>
                You are running OpenCart 2.0. The following file exists on your installation that is only needed for OpenCart 2.1 and newer: <br /><br /> <?php echo 'vqmod/xml/multimerch_oc21x_controllerfix.xml'; ?> <br /><br />Please remove or disable this file until you upgrade to OpenCart 2.1 to prevent controller-related errors.
                </div>
				<?php } else if (version_compare(VERSION, '2.1', '>=') && !file_exists(DIR_CATALOG . '../vqmod/xml/multimerch_oc21x_controllerfix.xml')) { ?>
				<div class="alert alert-warning" style="margin: 10px auto; width: 90%;"><i class="fa fa-exclamation-circle"></i>
                You are running OpenCart 2.1. The following file is missing on your installation that is needed for OpenCart 2.1 and newer: <br /><br /> <?php echo 'vqmod/xml/multimerch_oc21x_controllerfix.xml'; ?> <br /><br />Please upload it from the latest MultiMerch archive to prevent controller-related errors.
                </div>
				<?php } ?>

				<?php $this->load->model('multiseller/upgrade'); ?>
				<?php if ($this->MsLoader->MsHelper->isInstalled() && !$this->model_multiseller_upgrade->isDbLatest()) { ?>
					<div class="alert alert-warning" style="text-align:center; margin: 10px auto; width: 90%;"><i class="fa fa-exclamation-circle"></i><?php echo sprintf($this->language->get('ms_db_upgrade'), $this->url->link('module/multiseller/upgradeDb', 'token=' . $this->session->data['token'], 'SSL')); ?></div>
				<?php } ?>
				
				<?php if (isset($this->session->data['ms_db_latest'])) { ?>
					<div class="alert-success" style="text-align:center; margin: 10px"><?php echo $this->session->data['ms_db_latest']; ?></div>
					<?php unset($this->session->data['ms_db_latest']); ?>
				<?php } ?>
			]]></add>
		</operation>
	
		<operation>
			<search position="before"><![CDATA[
				<?php foreach ($scripts as $script) { ?>
			]]></search>
			<add><![CDATA[
				<?php global $config; $this->config = $config; ?>
				<script type="text/javascript"> if (!window.console) console = {log: function() {}}; var msGlobals = { config_limit_admin: '<?php echo $this->config->get('config_limit_admin'); ?>', config_language: <?php echo $dt_language; ?> }; </script>
			]]></add>
		</operation>
	</file>
	
	<!-- multimerch admin menus -->
	<file name="&adminFolder;/controller/common/menu.php">
		<operation>
			<search position="after"><![CDATA[
			public function index() {
			]]></search>
			<add><![CDATA[
			$data = array_merge(isset($data) ? $data : array(), $this->load->language('multiseller/multiseller'));
                            
                        $query = $this->db->query("SELECT * FROM ".DB_PREFIX."extension WHERE code='multiseller'");
                        $installed = false;
                        if (count($query->rows) > 0) {
                            $installed = true;
                        }
                        $data['installed'] = $installed;
			]]></add>
		</operation>
	</file>	
	
	<file name="&adminFolder;/view/template/common/menu.tpl">
		<operation>
			<search position="after" offset="4"><![CDATA[
			<?php echo $report_affiliate_activity; ?>
			]]></search>
			<add><![CDATA[
				<li id="multimerch"><a class="parent"><i class="fa fa-users fa-fw"></i> <span><?php echo $ms_menu_multiseller; ?></span></a>
					<ul>
                                            <?php if($installed):?>
						<li><a href="<?php echo $this->url->link('multiseller/seller', 'token=' . $this->session->data['token'], 'SSL'); ?>"><?php echo $ms_menu_sellers; ?></a></li>
						<li><a href="<?php echo $this->url->link('multiseller/seller-group', 'token=' . $this->session->data['token'], 'SSL'); ?>"><?php echo $ms_menu_seller_groups; ?></a></li>
						<li><a href="<?php echo $this->url->link('multiseller/attribute', 'token=' . $this->session->data['token'], 'SSL'); ?>"><?php echo $ms_menu_attributes; ?></a></li>
						<li><a href="<?php echo $this->url->link('multiseller/product', 'token=' . $this->session->data['token'], 'SSL'); ?>"><?php echo $ms_menu_products; ?></a></li>
						<li><a href="<?php echo $this->url->link('multiseller/payment', 'token=' . $this->session->data['token'], 'SSL'); ?>"><?php echo $ms_menu_payment; ?></a></li>
						<li><a href="<?php echo $this->url->link('multiseller/transaction', 'token=' . $this->session->data['token'], 'SSL'); ?>"><?php echo $ms_menu_transactions; ?></a></li>
						<li><a href="<?php echo $this->url->link('multiseller/debug', 'token=' . $this->session->data['token'], 'SSL'); ?>"><?php echo $ms_debug_heading; ?></a></li>
						<li><a href="<?php echo $this->url->link('module/multiseller', 'token=' . $this->session->data['token'], 'SSL'); ?>"><?php echo $ms_menu_settings; ?></a></li>
                                            <?php else:?>
                                                 <li><a href="<?php echo $this->url->link('extension/module/install', 'token=' . $this->session->data['token'].'&extension=multiseller', 'SSL'); ?>"><?php echo $ms_menu_install; ?></a></li>
					  <?php endif;?>
					</ul>
				</li>
			]]></add>
		</operation>
	</file>
	
	<file name="&adminFolder;/controller/sale/order.php">
		<operation>
			<search position="after"><![CDATA[
			foreach ($products as $product) {
			]]></search>
			<add><![CDATA[
			$this->language->load('multiseller/multiseller');
			$data['column_seller'] = $this->language->get('ms_seller');
			// todo check
			$seller = $this->MsLoader->MsSeller->getSeller(
				$this->MsLoader->MsProduct->getSellerId($product['product_id']),
				array(
					'product_id' => $product['product_id']
				)
			);
			]]></add>
		</operation>	
	
		<operation>
			<search position="after"><![CDATA[
			$data['products'][] = array(
			]]></search>
			<add><![CDATA[
			'seller' => array(
				'seller_id' => isset($seller['seller_id']) ? $seller['seller_id'] : '',
				'nickname' => isset($seller['ms.nickname']) ? $seller['ms.nickname'] : ''
			),
			]]></add>
		</operation>
		
		<operation>
			<search position="before"><![CDATA[
			'product_id' => $product['product_id'],
			]]></search>
			<add><![CDATA[
			'seller' => array(
				'seller_id' => isset($seller['seller_id']) ? $seller['seller_id'] : '',
				'nickname' => isset($seller['ms.nickname']) ? $seller['ms.nickname'] : ''
			),
			]]></add>
		</operation>

        <operation>
			<search position="after"><![CDATA[
			$data['histories'] = array();
			]]></search>
			<add><![CDATA[
			$data['seller_histories'] = array();
			$suborders = $this->MsLoader->MsOrderData->getSuborders(array(
			    'order_id' => $this->request->get['order_id']
			));

			foreach ($suborders as $sub) {
			    $suborder_histories = array();

			    $seller = $this->MsLoader->MsSeller->getSellers(array(
			        'seller_id' => $sub['seller_id'],
			        'single' => 1
			    ));

                // fetch histories
                $histories = $this->MsLoader->MsOrderData->getSuborderHistory(array(
                    'suborder_id' => $sub['suborder_id']
                ));

                // format histories
                foreach ($histories as $h) {
                    $suborder_histories[] = array(
                        'date_added' => date($this->language->get('date_format_short'), strtotime($h['date_added'])),
                        'status'     => $this->MsLoader->MsHelper->getStatusName(array('order_status_id' => $h['order_status_id'])),
                        'comment'    => $h['comment']
                    );
                }

                // assign histories
			    $data['seller_histories'][$sub['seller_id']] = array(
			        'seller' => $seller[0]['ms.nickname'],
			        'entries' => $suborder_histories
			    );
			}
			]]></add>
		</operation>
	</file>
	
	<file name="&adminFolder;/view/template/sale/order_info.tpl">
		<operation>
			<search position="before"><![CDATA[
			<td class="text-left"><?php echo $column_product; ?>
			]]></search>
			<add><![CDATA[
			<td class="text-left"><?php echo $column_seller; ?></td>
			]]></add>
		</operation>	
	
		<operation>
			<search position="before"><![CDATA[
			<td class="text-left"><a href="<?php echo $product['href']; ?>"><?php echo $product['name']; ?></a>
			]]></search>
			<add><![CDATA[
			<td class="text-left"><?php if (!empty($product['seller']['seller_id'])) { ?><a href="<?php echo $this->url->link('multiseller/seller/update', 'token=' . $this->session->data['token'] . '&seller_id=' . $product['seller']['seller_id'], 'SSL');?>"><?php echo $product['seller']['nickname']; ?></a> <?php } ?></td>
			]]></add>
		</operation>
		
		<operation>
			<search position="replace"><![CDATA[
			<td colspan="4" class="text-right"><?php echo $total['title']; ?>:</td>
			]]></search>
			<add><![CDATA[
			<td colspan="5" class="text-right"><?php echo $total['title']; ?>:</td>
			]]></add>
		</operation>
	</file>

    <!-- suborder histories -->
	<file name="&adminFolder;/view/template/sale/order_history.tpl">
		<operation>
			<search position="after" offset="1"><![CDATA[
			<div class="col-sm-6 text-right"><?php echo $results; ?></div>
			]]></search>
			<add><![CDATA[
            <?php if (isset($seller_histories) && $seller_histories) { ?>
            <?php foreach ($seller_histories as $history) { ?>
                <h4><?php echo $history['seller']; ?></h4>
                <table class="table table-bordered">
                <thead>
                <tr>
                <td class="text-left"><?php echo $column_date_added; ?></td>
                <td class="text-left"><?php echo $column_comment; ?></td>
                <td class="text-left"><?php echo $column_status; ?></td>
                <td class="text-left"><?php echo $column_notify; ?></td>
                </tr>
                </thead>
                <tbody>
                <?php foreach ($history['entries'] as $history) { ?>
                    <tr>
                    <td class="text-left"><?php echo $history['date_added']; ?></td>
                    <td class="text-left"><?php echo nl2br($history['comment']); ?></td>
                    <td class="text-left"><?php echo $history['status']; ?></td>
                    <td class="text-left"></td>
                    </tr>
                <?php } ?>
                </tbody>
                </table>
            <?php } ?>
            <?php } ?>
			]]></add>
		</operation>
    </file>

	<!-- contact all sellers from admin -->
	<file name="&adminFolder;/view/template/marketing/contact.tpl">
		<operation>
			<search position="after"><![CDATA[
				<option value="affiliate"><?php echo $text_affiliate; ?></option>
			]]></search>
			<add><![CDATA[
				<option value="seller_all"><?php echo $text_seller_all; ?></option>
			]]></add>
		</operation>
	</file>
	
	<file name="&adminFolder;/controller/marketing/contact.php">
		<operation>
			<search position="after"><![CDATA[
				public function index() {
			]]></search>
			<add><![CDATA[
				$this->language->load('multiseller/multiseller');
				$data['text_seller_all'] = $this->language->get('ms_all_sellers');
			]]></add>
		</operation>

		<operation>
			<search position="before"><![CDATA[
				case 'product':
			]]></search>
			<add><![CDATA[
				case 'seller_all':
					$email_total = $this->MsLoader->MsSeller->getTotalSellers(array(
						'seller_status' => array(MsSeller::STATUS_ACTIVE)
					));
					
					$results = $this->MsLoader->MsSeller->getSellers(
						array(
							'seller_status' => array(MsSeller::STATUS_ACTIVE)
						),
						array(
							'order_by'	=> 'ms.nickname',
							'order_way'	=> 'ASC',
							'offset'		=> ($page - 1) * 10,
							'limit'		=> 10,
						)
					);
					
					foreach ($results as $result) {
						$emails[] = $result['c.email'];
					}
					break;
			]]></add>
		</operation>
	</file>
</modification>
