<?xml version="1.0" ?>
<!DOCTYPE modification [
]>
<modification>
	<id>MultiMerch Core Seller Menu</id>
	<author>http://multimerch.com/</author>

    <!-- simple seller registration - login -->
	<file name="catalog/view/theme/default/template/account/login.tpl">
		<operation error="log">
			<search position="before"><![CDATA[
				<!-- mm register form end -->
			]]></search>
			<add><![CDATA[
			    <?php $this->language->load('multiseller/multiseller'); ?>
			    <div class="well">
                    <h2><?php echo $this->language->get('ms_account_register_new'); ?></h2>
                    <p><strong><?php echo $this->language->get('ms_account_register_seller'); ?></strong></p>
                    <p><?php echo $this->language->get('ms_account_register_seller_note'); ?></p>
                    <a href="<?php echo $this->url->link('account/register-seller', '', 'SSL'); ?>" class="btn btn-primary"><?php echo $button_continue; ?></a>
                </div>
			]]></add>
		</operation>
	</file>

    <!-- seller account menu in header -->
	<file name="catalog/view/theme/default/template/common/header.tpl">
		<operation error="log">
			<search position="after"><![CDATA[
				<!-- mm header menu start -->
			]]></search>
			<add><![CDATA[
                <li class="dropdown"><a href="<?php echo $this->url->link('seller/account-dashboard', '', 'SSL'); ?>" title="<?php echo $ms_account_seller_account; ?>" class="dropdown-toggle" data-toggle="dropdown"><i class="fa fa-users"></i> <span class="hidden-xs hidden-sm hidden-md"><?php echo $ms_account_seller_account; ?></span> <span class="caret"></span></a>
                  <ul class="dropdown-menu dropdown-menu-right">
                    <?php if ($ms_seller_created) { ?>
                        <?php if ($this->MsLoader->MsSeller->getStatus($this->customer->getId()) == MsSeller::STATUS_ACTIVE) { ?>
                            <li><a href="<?php echo $this->url->link('seller/account-dashboard', '', 'SSL'); ?>"><?php echo $ms_account_dashboard; ?></a></li>
                        <?php } ?>

                        <li><a href= "<?php echo $this->url->link('seller/account-profile', '', 'SSL'); ?>"><?php echo $ms_account_sellerinfo; ?></a></li>
                        <?php if ($this->MsLoader->MsSeller->getStatus($this->customer->getId()) == MsSeller::STATUS_ACTIVE) { ?>
                        <li><a href= "<?php echo $this->url->link('seller/account-product/create', '', 'SSL'); ?>"><?php echo $ms_account_newproduct; ?></a></li>
                        <li><a href= "<?php echo $this->url->link('seller/account-product', '', 'SSL'); ?>"><?php echo $ms_account_products; ?></a></li>
                        <li><a href= "<?php echo $this->url->link('seller/account-order', '', 'SSL'); ?>"><?php echo $ms_account_orders; ?></a></li>
                        <li><a href= "<?php echo $this->url->link('seller/account-transaction', '', 'SSL'); ?>"><?php echo $ms_account_transactions; ?></a></li>

                        <?php if ($this->config->get('msconf_allow_withdrawal_requests')) { ?>
                        <li><a href= "<?php echo $this->url->link('seller/account-withdrawal', '', 'SSL'); ?>"><?php echo $ms_account_withdraw; ?></a></li>
                        <?php } ?>

                        <li><a href= "<?php echo $this->url->link('seller/account-stats', '', 'SSL'); ?>"><?php echo $ms_account_stats; ?></a></li>
                        <li><a href="<?php echo $this->url->link('account/logout', '', 'SSL'); ?>"><?php echo $text_logout; ?></a></li>
                        <?php } ?>
                    <?php } else { ?>
                        <li><a href="<?php echo $this->url->link('account/register-seller', '', 'SSL'); ?>"><?php echo $ms_account_register_seller; ?></a></li>
                        <li><a href="<?php echo $this->url->link('account/login', '', 'SSL'); ?>"><?php echo $text_login; ?></a></li>
                    <?php } ?>
                  </ul>
                </li>
			]]></add>
		</operation>
	</file>

	<!-- account area menu -->
	<file name="catalog/view/theme/default/template/account/account.tpl">
		<operation>
			<search position="before"><![CDATA[
				<!-- mm account menu newsletter start -->
			]]></search>
			<add><![CDATA[
			    <h2><?php echo $ms_account_seller_account; ?></h2>
					<ul class="list-unstyled ms-sellermenu <?php if ($this->config->get('msconf_graphical_sellermenu')) { ?>graphical<?php } ?>">
                        <?php if ($ms_seller_created && $this->MsLoader->MsSeller->getStatus($this->customer->getId()) == MsSeller::STATUS_ACTIVE) { ?>
                            <li>
                                <a href="<?php echo $this->url->link('seller/account-dashboard', '', 'SSL'); ?>">
                                    <?php if($this->config->get('msconf_graphical_sellermenu')) { ?>
                                        <img src="catalog/view/theme/<?php echo $this->config->get('config_template'); ?>/image/ms-graph-96.png" />
                                    <?php } ?>
                                    <?php echo $ms_account_dashboard; ?>
                                </a>
                            </li>
                        <?php } ?>

                        <li>
                            <a href="<?php echo $this->url->link('seller/account-profile', '', 'SSL'); ?>">
                                <?php if($this->config->get('msconf_graphical_sellermenu')) { ?>
                                    <?php if ($ms_seller_created) { ?>
                                    <img src="catalog/view/theme/<?php echo $this->config->get('config_template'); ?>/image/ms-profile-96.png" />
                                    <?php } else { ?>
                                    <img src="catalog/view/theme/<?php echo $this->config->get('config_template'); ?>/image/ms-profile-plus-96.png" />
                                    <?php } ?>
                                <?php } ?>
                                <?php echo $ms_seller_created ? $ms_account_sellerinfo : $ms_account_sellerinfo_new; ?>
                            </a>
                        </li>

                        <?php if ( ($ms_seller_created) && ( ($this->MsLoader->MsSeller->getStatus($this->customer->getId()) == MsSeller::STATUS_ACTIVE) || ($this->config->get('msconf_allow_inactive_seller_products')) ) ) { ?>
                            <li>
                                <a href="<?php echo $this->url->link('seller/account-product/create', '', 'SSL'); ?>">
                                    <?php if($this->config->get('msconf_graphical_sellermenu')) { ?>
                                        <img src="catalog/view/theme/<?php echo $this->config->get('config_template'); ?>/image/ms-bag-plus-96.png" />
                                    <?php } ?>
                                    <?php echo $ms_account_newproduct; ?>
                                </a>
                            </li>
                            <li>
                                <a href="<?php echo $this->url->link('seller/account-product', '', 'SSL'); ?>">
                                    <?php if($this->config->get('msconf_graphical_sellermenu')) { ?>
                                        <img src="catalog/view/theme/<?php echo $this->config->get('config_template'); ?>/image/ms-bag-96.png" />
                                    <?php } ?>
                                    <?php echo $ms_account_products; ?>
                                </a>
                            </li>
                        <?php } ?>
                        <?php if ($ms_seller_created && $this->MsLoader->MsSeller->getStatus($this->customer->getId()) == MsSeller::STATUS_ACTIVE) { ?>
                            <li>
                                <a href="<?php echo $this->url->link('seller/account-order', '', 'SSL'); ?>">
                                    <?php if($this->config->get('msconf_graphical_sellermenu')) { ?>
                                        <img src="catalog/view/theme/<?php echo $this->config->get('config_template'); ?>/image/ms-cart-96.png" />
                                    <?php } ?>
                                    <?php echo $ms_account_orders; ?>
                                </a>
                            </li>
                            <li>
                                <a href="<?php echo $this->url->link('seller/account-transaction', '', 'SSL'); ?>">
                                    <?php if($this->config->get('msconf_graphical_sellermenu')) { ?>
                                        <img src="catalog/view/theme/<?php echo $this->config->get('config_template'); ?>/image/ms-book-96.png" />
                                    <?php } ?>
                                    <?php echo $ms_account_transactions; ?>
                                </a>
                            </li>
                            <?php if ($this->config->get('msconf_allow_withdrawal_requests')) { ?>
                                <li>
                                    <a href="<?php echo $this->url->link('seller/account-withdrawal', '', 'SSL'); ?>">
                                        <?php if($this->config->get('msconf_graphical_sellermenu')) { ?>
                                            <img src="catalog/view/theme/<?php echo $this->config->get('config_template'); ?>/image/ms-dollar-96.png" />
                                        <?php } ?>
                                        <?php echo $ms_account_withdraw; ?>
                                    </a>
                                </li>
                            <?php } ?>
                                <li>
                                    <a href="<?php echo $this->url->link('seller/account-stats', '', 'SSL'); ?>">
                                        <?php if($this->config->get('msconf_graphical_sellermenu')) { ?>
                                            <img src="catalog/view/theme/<?php echo $this->config->get('config_template'); ?>/image/ms-stats-96.png" />
                                        <?php } ?>
                                        <?php echo $ms_account_stats; ?>
                                    </a>
                                </li>

                                <li>
                                    <a href="<?php echo $this->url->link('seller/account-setting', '', 'SSL'); ?>">
                                        <?php if($this->config->get('msconf_graphical_sellermenu')) { ?>
                                            <img src="catalog/view/theme/<?php echo $this->config->get('config_template'); ?>/image/ms-gear-96.png" />
                                        <?php } ?>
                                        <?php echo $ms_account_settings; ?>
                                    </a>
                                </li>
                        <?php } ?>
					</ul>
			]]></add>
		</operation>
	</file>

	<file name="catalog/controller/account/account.php,catalog/controller/module/account.php">
		<operation>
			<search position="after"><![CDATA[
				public function index() {
			]]></search>
			<add><![CDATA[
				$data['ms_seller_created'] = $this->MsLoader->MsSeller->isCustomerSeller($this->customer->getId());
				$data = array_merge($this->load->language('multiseller/multiseller'), $data);
			]]></add>
		</operation>
	</file>

	<!-- account sidebar menu -->
	<file name="catalog/view/theme/default/template/module/account.tpl">
		<operation error="log">
			<search position="after"><![CDATA[
				<!-- mm account sidebar menu start -->
			]]></search>
			<add><![CDATA[
				<span class="list-group-item"><b><?php echo $ms_account_customer_account; ?></b></span>
			]]></add>
		</operation>

		<operation error="log">
			<search position="before"><![CDATA[
			<!-- mm account sidebar menu end -->
			]]></search>
			<add><![CDATA[
			    <div class="list-group">
			        <span class="list-group-item"><b><?php echo $ms_account_seller_account; ?></b></span>
                    <?php if ($ms_seller_created) { ?>
                    <?php if ($this->MsLoader->MsSeller->getStatus($this->customer->getId()) == MsSeller::STATUS_ACTIVE) { ?>
                        <a class="list-group-item" href="<?php echo $this->url->link('seller/account-dashboard', '', 'SSL'); ?>"><?php echo $ms_account_dashboard; ?></a>
                    <?php } ?>

				    <a class="list-group-item" href= "<?php echo $this->url->link('seller/account-profile', '', 'SSL'); ?>"><?php echo $ms_account_sellerinfo; ?></a>
				
                    <?php if ($this->MsLoader->MsSeller->getStatus($this->customer->getId()) == MsSeller::STATUS_ACTIVE) { ?>
                        <a class="list-group-item" href= "<?php echo $this->url->link('seller/account-product/create', '', 'SSL'); ?>"><?php echo $ms_account_newproduct; ?></a>
                        <a class="list-group-item" href= "<?php echo $this->url->link('seller/account-product', '', 'SSL'); ?>"><?php echo $ms_account_products; ?></a>
                        <a class="list-group-item" href= "<?php echo $this->url->link('seller/account-order', '', 'SSL'); ?>"><?php echo $ms_account_orders; ?></a>
                        <a class="list-group-item" href= "<?php echo $this->url->link('seller/account-transaction', '', 'SSL'); ?>"><?php echo $ms_account_transactions; ?></a>
                        <?php if ($this->config->get('msconf_allow_withdrawal_requests')) { ?>
                        <a class="list-group-item" href= "<?php echo $this->url->link('seller/account-withdrawal', '', 'SSL'); ?>"><?php echo $ms_account_withdraw; ?></a>
                        <?php } ?>
                        <a class="list-group-item" href= "<?php echo $this->url->link('seller/account-stats', '', 'SSL'); ?>"><?php echo $ms_account_stats; ?></a>
                        <a class="list-group-item" href= "<?php echo $this->url->link('seller/account-setting', '', 'SSL'); ?>"><?php echo $ms_account_settings; ?></a>
                    <?php } ?>
                    <?php } else { ?>
                        <a class="list-group-item" href="<?php echo $this->url->link('account/login', '', 'SSL'); ?>"><?php echo $text_login; ?></a>
                        <a class="list-group-item" href="<?php echo $this->url->link('account/register-seller', '', 'SSL'); ?>"><?php echo $ms_account_register_seller; ?></a>
                    <?php } ?>
				</div>
			]]></add>
		</operation>
	</file>
</modification>
